{
  "MLP": {
    "10": {
      "precision": 0.4105263157894737,
      "recall": 0.5652173913043478,
      "f1-score": 0.47560975609756095,
      "support": 69.0
    },
    "12": {
      "precision": 0.3673469387755102,
      "recall": 0.5142857142857142,
      "f1-score": 0.42857142857142855,
      "support": 70.0
    },
    "17": {
      "precision": 0.5679012345679012,
      "recall": 0.35384615384615387,
      "f1-score": 0.43601895734597157,
      "support": 130.0
    },
    "18": {
      "precision": 0.3786407766990291,
      "recall": 0.5652173913043478,
      "f1-score": 0.45348837209302323,
      "support": 69.0
    },
    "23": {
      "precision": 0.55,
      "recall": 0.39568345323741005,
      "f1-score": 0.4602510460251046,
      "support": 139.0
    },
    "accuracy": 0.45073375262054505,
    "macro avg": {
      "precision": 0.45488305316638283,
      "recall": 0.4788500207955947,
      "f1-score": 0.45078791202661783,
      "support": 477.0
    },
    "weighted avg": {
      "precision": 0.48311105993672865,
      "recall": 0.45073375262054505,
      "f1-score": 0.4502413641459458,
      "support": 477.0
    }
  },
  "Soft Voting Ensemble": {
    "10": {
      "precision": 0.45714285714285713,
      "recall": 0.2318840579710145,
      "f1-score": 0.3076923076923077,
      "support": 69.0
    },
    "12": {
      "precision": 0.42857142857142855,
      "recall": 0.34285714285714286,
      "f1-score": 0.38095238095238093,
      "support": 70.0
    },
    "17": {
      "precision": 0.5302013422818792,
      "recall": 0.6076923076923076,
      "f1-score": 0.5663082437275986,
      "support": 130.0
    },
    "18": {
      "precision": 0.43243243243243246,
      "recall": 0.2318840579710145,
      "f1-score": 0.3018867924528302,
      "support": 69.0
    },
    "23": {
      "precision": 0.495,
      "recall": 0.7122302158273381,
      "f1-score": 0.584070796460177,
      "support": 139.0
    },
    "accuracy": 0.49056603773584906,
    "macro avg": {
      "precision": 0.4686696120857195,
      "recall": 0.42530955646376345,
      "f1-score": 0.4281821042570589,
      "support": 477.0
    },
    "weighted avg": {
      "precision": 0.48031838464851,
      "recall": 0.49056603773584906,
      "f1-score": 0.46862376723109767,
      "support": 477.0
    }
  }
}