model,val_f1_weighted,elapsed_seconds
random_forest,0.44291833710921613,2.4713998999795876
extra_trees,0.4220777359243016,1.3262716000026558
hist_gradient_boosting,0.4223536879625142,13.98708659998374
soft_voting_ensemble,0.4372049324004197,16.852834099991014
